Need-State	2025 NS CAGR (Weighted Average)	2025 NS Engagement (Sum) (Millions)
Enhance	139.23%	4725.030000
Fuel	81.26%	3485.920000
Delight	71.38%	2907.350000
Refresh	169.69%	1811.490000
Balance	145.73%	638.230000
Escape	200.46%	306.350000
