Need-State	2028 NS CAGR (Weighted Average)	2028 NS Engagement (Sum) (Millions)
Enhance	57.87%	4935.9628
Balance	61.30%	820.488545
Escape	154.49%	484.2191
Refresh	81.30%	2216.40833
Fuel	68.08%	3996.11153
Delight	34.83%	1796.352919